{"last_tab":"","google_api_key_opt":"","index-page":"1943","header_widget":"1933","header_type":"1","pick_slider":"rev_seo-agency-desk-mini","footer_widget":"1936","scroll-to-top":"1","pageloader":"1","pgl_color_bgr":{"color":"#ffffff","alpha":"1","rgba":"rgba(255,255,255,1)"},"pgl_color":{"color":"#86af49","alpha":"1","rgba":"rgba(134,175,73,1)"},"single-header":"","transition":"200","design-layout":"1","boxed-background":{"background-color":"#323232","background-repeat":"no-repeat","background-size":"inherit","background-attachment":"fixed","background-position":"center center","background-image":"","media":{"id":"","height":"","width":"","thumbnail":""}},"content-background":{"background-color":"#ffffff","background-repeat":"no-repeat","background-size":"inherit","background-attachment":"fixed","background-position":"center center","background-image":"","media":{"id":"","height":"","width":"","thumbnail":""}},"sidebar-layout":"1","left_sidebar_widgets":"_default_left_sidebar","right_sidebar_widgets":"_default_right_sidebar","portfolio_slug":"portfolio","cases_arch_title":"Case Studies List","portfolio_arch_desc":"Some description text here","skin_preset_dark_agency":"0","gc1":{"color":"#004a97","alpha":"1","rgba":"rgba(0,74,151,1)"},"gc1d":{"color":"#004a97","alpha":"1","rgba":"rgba(0,74,151,1)"},"link":{"regular":"#3695d9","hover":"#004a97","active":"#004a97"},"gc2":{"color":"#3695d9","alpha":"1","rgba":"rgba(54,149,217,1)"},"gc2d":{"color":"#3695d9","alpha":"1","rgba":"rgba(54,149,217,1)"},"bgrc":{"color":"#ffffff","alpha":"1","rgba":"rgba(255,255,255,1)"},"ac1":{"color":"#768188","alpha":"1","rgba":"rgba(118,129,136,1)"},"ac1l":{"color":"#b2b9be","alpha":"1","rgba":"rgba(178,185,190,1)"},"ac1d":{"color":"#2c3840","alpha":"1","rgba":"rgba(44,56,64,1)"},"boxed-padding":{"padding-top":"","padding-right":"","padding-bottom":"","padding-left":"","units":"px"},"sidebar-bgr":{"color":"#f1f4f6","alpha":"1","rgba":"rgba(241,244,246,1)"},"sidebar-padding":{"padding-top":"15px","padding-right":"15px","padding-bottom":"0","padding-left":"15px","units":"px"},"sidebar-border":{"border-top":"1px","border-right":"1px","border-bottom":"1px","border-left":"1px","border-style":"solid","border-color":"#d7dce0"},"sidebar-border-radius":"0","sidebar-width":{"width":"","units":"px"},"content-width":{"width":"","units":"px"},"content-padding":{"padding-top":"0","padding-right":"25px","padding-bottom":"0","padding-left":"25px","units":"px"},"button-padding":{"padding-top":"0","padding-right":"40px","padding-bottom":"0","padding-left":"40px","units":"px"},"button-border":{"border-top":"2px","border-right":"2px","border-bottom":"2px","border-left":"2px","border-style":"solid","border-color":"#3695d9"},"button-color":{"color":"#3695d9","alpha":"1","rgba":"rgba(54,149,217,1)"},"button-text-color":{"color":"#ffffff","alpha":"1","rgba":"rgba(255,255,255,1)"},"button-border-hover":{"border-top":"2px","border-right":"2px","border-bottom":"2px","border-left":"2px","border-style":"solid","border-color":"#004a97"},"button-color-hover":{"color":"#004a97","alpha":"1","rgba":"rgba(0,74,151,1)"},"button-text-color-hover":{"color":"#ffffff","alpha":"1","rgba":"rgba(255,255,255,1)"},"button-border-radius":"0","input-border":{"border-top":"1px","border-right":"1px","border-bottom":"1px","border-left":"1px","border-style":"solid","border-color":"#b2b9be"},"input-border-radius":"0","input-color":{"color":"#ffffff","alpha":"1","rgba":"rgba(255,255,255,1)"},"input-text-color":{"color":"#768188","alpha":"1","rgba":"rgba(118,129,136,1)"},"typography-body":{"font-family":"Roboto","font-options":"","google":"1","font-backup":"","font-weight":"400","font-style":"","subsets":"","text-align":"left","font-size":"16px","line-height":"24px","color":"#2c3840"},"h1-typography":{"font-family":"Poppins","font-options":"","google":"1","font-backup":"","font-weight":"500","font-style":"","subsets":"","text-align":"left","text-transform":"none","font-size":"30px","line-height":"40px","color":"#2c3840"},"h2-typography":{"font-family":"Poppins","font-options":"","google":"1","font-backup":"","font-weight":"500","font-style":"","subsets":"","text-align":"left","text-transform":"none","font-size":"30px","line-height":"40px","color":"#2c3840"},"h3-typography":{"font-family":"Poppins","font-options":"","google":"1","font-backup":"","font-weight":"500","font-style":"","subsets":"","text-align":"left","text-transform":"none","font-size":"28px","line-height":"38px","color":"#2c3840"},"h4-typography":{"font-family":"Poppins","font-options":"","google":"1","font-backup":"","font-weight":"500","font-style":"","subsets":"","text-align":"left","text-transform":"none","font-size":"22px","line-height":"30px","color":"#2c3840"},"h5-typography":{"font-family":"Poppins","font-options":"","google":"1","font-backup":"","font-weight":"500","font-style":"","subsets":"","text-align":"left","text-transform":"uppercase","font-size":"18px","line-height":"26px","color":"#2c3840"},"h6-typography":{"font-family":"Poppins","font-options":"","google":"1","font-backup":"","font-weight":"400","font-style":"","subsets":"","text-align":"left","text-transform":"none","font-size":"16px","line-height":"20px","color":"#2c3840"},"reserved-typography":{"font-family":"Roboto","font-options":"","google":"1","font-weight":"300","font-style":"","subsets":""},"reserved2-typography":{"font-family":"Roboto","font-options":"","google":"1","font-weight":"700","font-style":"","subsets":""},"reserved3-typography":{"font-family":"Roboto","font-options":"","google":"1","font-weight":"500","font-style":"","subsets":""},"reserved4-typography":{"font-family":"Poppins","font-options":"","google":"1","font-weight":"600","font-style":"","subsets":""},"reserved5-typography":{"font-family":"","font-options":"","google":"1","font-weight":"","font-style":"","subsets":""},"typography-body-m":{"font-family":"Roboto","font-options":"","google":"1","font-backup":"","font-weight":"400","font-style":"","subsets":"","text-align":"left","font-size":"16px","line-height":"26px","color":"#2c3840"},"h1-typography-m":{"font-family":"Poppins","font-options":"","google":"1","font-backup":"","font-weight":"500","font-style":"","subsets":"","text-align":"left","text-transform":"none","font-size":"28px","line-height":"38px","color":"#2c3840"},"404_title":"Not Found","404_descr":"It looks like nothing was found at this location. Maybe try a search?","404_icon":{"url":"http://atiframe.secretlab.pw/wp-content/themes/atiframe/images/search.png","id":"","height":"","width":"","thumbnail":"","title":"","caption":"","alt":"","description":""},"header-nested":"","header-nested-buttonset":"button-js","header-nested-ace-js":"// function hello() { alert (\"HELLO\"); }","header-nested-ace-css":"body { margin : 0; padding : 0; }","footer-nested":"","footer-nested-buttonset":"button-js","footer-nested-ace-js":"function hello() { alert (\"HELLO\"); }","footer-nested-ace-css":"body { margin : 0; padding : 0; }","shop-header_type":"1","shop-pick_slider":"rev_seo-agency-desk-mini","product_columns":"4","relates_product_products":"4","relates_product_columns":"4","shop-layout":"1","shop-boxed-background":{"background-color":"#323232","background-repeat":"no-repeat","background-size":"inherit","background-attachment":"fixed","background-position":"center center","background-image":"","media":{"id":"","height":"","width":"","thumbnail":""}},"shop-content-background":{"background-color":"#ffffff","background-repeat":"no-repeat","background-size":"inherit","background-attachment":"fixed","background-position":"center center","background-image":"","media":{"id":"","height":"","width":"","thumbnail":""}},"shop_left_sidebar_widgets":"shop_default_left_sidebar","shop_right_sidebar_widgets":"shop_default_right_sidebar","shop_header_widget":"1933","shop_footer_widget":"1936","woocomp":"1","wooadd1":"1","wooadd2":"1","woostate":"1","woocity":"1","woophone":"1","woopostcode":"1","woocountry":"1","blog-header_type":"1","blog-pick_slider":"rev_seo-agency-desk-mini","blog-layout":"1","blog-boxed-background":{"background-color":"#323232","background-repeat":"no-repeat","background-size":"inherit","background-attachment":"fixed","background-position":"center center","background-image":"","media":{"id":"","height":"","width":"","thumbnail":""}},"blog-content-background":{"background-color":"#ffffff","background-repeat":"no-repeat","background-size":"inherit","background-attachment":"fixed","background-position":"center center","background-image":"","media":{"id":"","height":"","width":"","thumbnail":""}},"blog_left_sidebar_widgets":"blog_default_left_sidebar","blog_right_sidebar_widgets":"blog_default_right_sidebar","blog_header_widget":"1933","blog_footer_widget":"1936","is_related_posts":"1","related_posts_title":"Related Posts","show_post_author":"1","show_post_category":"1","show_post_tags":"1","show_post_date":"1","show_comments_count":"1","redux-backup":1}