{"_default_left_sidebar":{"search-2":{"title":""},"recent-posts-2":{"title":"","number":5},"recent-comments-2":{"title":"","number":5},"archives-2":{"title":"","count":0,"dropdown":0},"categories-2":{"title":"","count":0,"hierarchical":0,"dropdown":0},"meta-2":{"title":""}},"_default_right_sidebar":{"nav_menu-2":{"nav_menu":37},"yikes_easy_mc_widget-2":{"title":"MailChimp Signup Form","form_id":"1","form_description":"","submit_text":"Submit"},"media_gallery-2":{"title":"","columns":2,"size":"thumbnail","link_type":"file","orderby_random":false,"ids":[314,304,303,302]},"calendar-3":{"title":""},"rss-2":{"title":"","url":"","items":10,"show_summary":0,"show_author":0,"show_date":0},"tag_cloud-2":{"title":"","count":0,"taxonomy":"post_tag"}},"blog_default_left_sidebar":{"categories-3":{"title":"","count":0,"hierarchical":0,"dropdown":0},"custom_post_widget-3":{"custom_post_id":"968","show_custom_post_title":null,"show_featured_image":null,"apply_content_filters":"on"}},"blog_default_right_sidebar":{"nav_menu-3":{"title":"Services","nav_menu":40},"custom_post_widget-4":{"custom_post_id":"1059","show_custom_post_title":null,"show_featured_image":null,"apply_content_filters":"on"},"calendar-4":{"title":"Calendar"}},"shop_default_left_sidebar":{"woocommerce_widget_cart-2":{"title":"Cart","hide_if_empty":0},"woocommerce_price_filter-2":{"title":"Filter by price"},"woocommerce_product_search-2":{"title":""},"woocommerce_recent_reviews-2":{"title":"Recent reviews","number":10}}}